{
  "project_info": {
    "project_number": "36891338811",
    "firebase_url": "https://fblalibrary01.firebaseio.com",
    "project_id": "fblalibrary01",
    "storage_bucket": "fblalibrary01.appspot.com"
  },
  "client": [
    {
      "client_info": {
        "mobilesdk_app_id": "1:36891338811:android:0731c44e98b605f7",
        "android_client_info": {
          "package_name": "com.codegeek.fblalibraryapp"
        }
      },
      "oauth_client": [
        {
          "client_id": "36891338811-ur3h75ivjlm654e9ir5giclin3mv5o9h.apps.googleusercontent.com",
          "client_type": 3
        }
      ],
      "api_key": [
        {
          "current_key": "AIzaSyCNcgE1kWGjKOPGb1Kb79QlZ4XbosKMeBA"
        }
      ],
      "services": {
        "analytics_service": {
          "status": 1
        },
        "appinvite_service": {
          "status": 1,
          "other_platform_oauth_client": []
        },
        "ads_service": {
          "status": 2
        }
      }
    }
  ],
  "configuration_version": "1"
}